Category,Subcategory
여성의류,전체
여성의류,상의
여성의류,원피스
여성의류,바지
여성의류,스커트
여성의류,액티브웨어
여성의류,아우터
여성의류,니트웨어
여성의류,이너웨어
여성의류,홈웨어
여성의류,셋업
여성의류,점프수트
여성의류,EXCLUSIVE
여성의류,해외브랜드
여성가방,전체
여성가방,숄더백
여성가방,크로스백
여성가방,백팩
여성가방,"에코,캔버스백"
여성가방,토트백
여성가방,파우치
여성가방,가방 액세서리
여성가방,EXCLUSIVE
여성가방,해외브랜드
여성가방,클러치
여성신발,전체
여성신발,샌들
여성신발,"슬리퍼,뮬"
여성신발,스니커즈
여성신발,"플랫,로퍼"
여성신발,펌프스
여성신발,부츠
여성신발,신발 액세서리
여성신발,해외브랜드
여성신발,EXCLUSIVE
여성액세서리,전체
여성액세서리,주얼리
여성액세서리,모자
여성액세서리,헤어 액세서리
여성액세서리,"지갑,카드케이스"
여성액세서리,기타 액세서리
여성액세서리,아이웨어
여성액세서리,양말
여성액세서리,벨트
여성액세서리,시계
여성액세서리,스카프
여성액세서리,머플러
여성액세서리,EXCLUSIVE
여성액세서리,해외브랜드
여성액세서리,장갑
여성액세서리,넥워머
남성의류,전체
남성의류,상의
남성의류,하의
남성의류,아우터
남성의류,니트웨어
남성의류,이너웨어
남성의류,셋업
남성의류,EXCLUSIVE
남성의류,해외브랜드
남성의류,홈웨어
남성가방,전체
남성가방,크로스백
남성가방,백팩
남성가방,토트백
남성가방,숄더백
남성가방,웨이스트백
남성가방,"에코,캔버스백"
남성가방,랩탑백
남성가방,기타 가방
남성가방,가방 액세서리
남성가방,파우치
남성가방,클러치
남성가방,해외브랜드
남성가방,EXCLUSIVE
남성신발,전체
남성신발,샌들
남성신발,스니커즈
남성신발,로퍼
남성신발,구두
남성신발,부츠
남성신발,해외브랜드
남성신발,EXCLUSIVE
남성신발,슈즈 액세서리
남성액세서리,전체
남성액세서리,모자
남성액세서리,주얼리
남성액세서리,아이웨어
남성액세서리,"지갑,카드케이스"
남성액세서리,기타 액세서리
남성액세서리,벨트
남성액세서리,양말
남성액세서리,시계
남성액세서리,넥타이
남성액세서리,스카프
남성액세서리,EXCLUSIVE
남성액세서리,머플러
남성액세서리,해외브랜드
남성액세서리,장갑
남성액세서리,넥워머
